id_poliza,id_cliente,tipo_seguro,fecha_inicio,prima_anual,estado
POL-000001,CLI-0422,Salud,2025-09-01,1566.8,Activa
POL-000002,CLI-0045,Hogar,2025-07-23,2305.98,Pendiente
POL-000003,CLI-0439,Vida,2025-06-16,2628.23,Activa
POL-000004,CLI-0403,Empresarial,2025-08-24,2969.58,Cancelada
POL-000005,CLI-0058,Hogar,2024-06-02,985.46,Activa
POL-000006,CLI-0474,Auto,2025-07-30,4331.59,Pendiente
POL-000007,CLI-0445,Empresarial,2024-12-18,4852.84,Pendiente
POL-000008,CLI-0197,Hogar,2025-08-08,3427.5,Activa
POL-000009,CLI-0089,Vida,2025-02-16,962.42,Cancelada
POL-000010,CLI-0020,Hogar,2024-12-05,3859.72,Activa
POL-000011,CLI-0382,Hogar,2024-10-02,4954.27,Activa
POL-000012,CLI-0173,Vida,2024-11-14,1685.84,Cancelada
POL-000013,CLI-0440,Auto,2024-08-21,912.24,Cancelada
POL-000014,CLI-0397,Vida,2024-10-02,4062.64,Activa
POL-000015,CLI-0097,Hogar,2024-08-04,5041.19,Cancelada
POL-000016,CLI-0380,Hogar,2026-02-16,2937.46,Pendiente
POL-000017,CLI-0421,Auto,2025-06-11,4394.9,Activa
POL-000018,CLI-0160,Empresarial,2025-02-17,918.94,Activa
POL-000019,CLI-0089,Salud,2024-07-24,4635.98,Inactiva
POL-000020,CLI-0017,Hogar,2024-02-21,5065.56,Inactiva
POL-000021,CLI-0141,Vida,2025-04-20,2877.17,Activa
POL-000022,CLI-0349,Auto,2024-09-04,2174.07,Cancelada
POL-000023,CLI-0091,Hogar,2025-08-23,3122.07,Pendiente
POL-000024,CLI-0084,Vida,2026-02-05,4603.61,Activa
POL-000025,CLI-0146,Auto,2025-01-30,463.15,Inactiva
POL-000026,CLI-0439,Salud,2025-10-24,1393.09,Inactiva
POL-000027,CLI-0138,Hogar,2025-06-09,306.28,Activa
POL-000028,CLI-0243,Salud,2025-10-24,1117.96,Activa
POL-000029,CLI-0115,Vida,2025-09-14,4466.95,Pendiente
POL-000030,CLI-0365,Vida,2025-03-09,4946.06,Pendiente
POL-000031,CLI-0236,Vida,2024-08-11,2673.5,Cancelada
POL-000032,CLI-0300,Auto,2024-01-08,2911.02,Pendiente
POL-000033,CLI-0288,Empresarial,2025-09-15,1698.19,Activa
POL-000034,CLI-0247,Auto,2024-12-10,5438.31,Pendiente
POL-000035,CLI-0442,Vida,2024-09-24,3677.43,Pendiente
POL-000036,CLI-0097,Salud,2025-06-13,4257.01,Activa
POL-000037,CLI-0413,Empresarial,2025-02-17,3700.81,Inactiva
POL-000038,CLI-0370,Auto,2025-11-02,2836.08,Pendiente
POL-000039,CLI-0133,Hogar,2025-02-18,2257.86,Activa
POL-000040,CLI-0299,Empresarial,2024-07-13,2018.79,Inactiva
POL-000041,CLI-0352,Empresarial,2025-10-15,4359.95,Pendiente
POL-000042,CLI-0260,Vida,2024-06-23,4655.39,Inactiva
POL-000043,CLI-0151,Auto,2025-04-27,878.1,Pendiente
POL-000044,CLI-0372,Empresarial,2026-02-20,5036.91,Pendiente
POL-000045,CLI-0336,Auto,2024-08-15,2083.0,Pendiente
POL-000046,CLI-0216,Vida,2025-01-15,1580.96,Pendiente
POL-000047,CLI-0238,Auto,2025-04-26,484.49,Activa
POL-000048,CLI-0242,Salud,2025-05-27,835.02,Cancelada
POL-000049,CLI-0272,Vida,2025-02-27,486.53,Inactiva
POL-000050,CLI-0071,Salud,2024-12-16,2368.72,Cancelada
POL-000051,CLI-0074,Vida,2026-01-02,1155.89,Activa
POL-000052,CLI-0250,Vida,2025-10-08,5429.19,Pendiente
POL-000053,CLI-0325,Auto,2024-01-05,2595.88,Inactiva
POL-000054,CLI-0390,Salud,2025-08-13,4251.76,Cancelada
POL-000055,CLI-0403,Auto,2024-05-12,3456.74,Cancelada
POL-000056,CLI-0207,Hogar,2025-05-03,2231.58,Activa
POL-000057,CLI-0274,Salud,2026-01-18,2177.44,Activa
POL-000058,CLI-0457,Vida,2026-02-14,4616.11,Inactiva
POL-000059,CLI-0010,Auto,2025-10-03,4088.1,Inactiva
POL-000060,CLI-0356,Vida,2024-11-15,883.33,Cancelada
POL-000061,CLI-0258,Empresarial,2024-11-09,1085.21,Activa
POL-000062,CLI-0153,Vida,2025-04-11,4057.51,Pendiente
POL-000063,CLI-0223,Salud,2024-12-16,5479.54,Cancelada
POL-000064,CLI-0184,Salud,2024-06-17,5224.85,Cancelada
POL-000065,CLI-0010,Salud,2024-08-17,4053.99,Inactiva
POL-000066,CLI-0109,Auto,2025-08-26,2874.56,Activa
POL-000067,CLI-0188,Auto,2025-01-19,4845.68,Pendiente
POL-000068,CLI-0395,Empresarial,2025-09-30,457.51,Activa
POL-000069,CLI-0339,Auto,2025-10-31,4631.44,Activa
POL-000070,CLI-0354,Auto,2025-03-02,2554.87,Activa
POL-000071,CLI-0281,Vida,2025-04-30,3919.9,Inactiva
POL-000072,CLI-0356,Auto,2024-11-04,2430.62,Activa
POL-000073,CLI-0340,Empresarial,2024-10-03,3500.83,Inactiva
POL-000074,CLI-0215,Auto,2025-06-07,4009.46,Activa
POL-000075,CLI-0145,Auto,2024-04-18,2838.02,Inactiva
POL-000076,CLI-0399,Vida,2025-06-19,5357.53,Pendiente
POL-000077,CLI-0361,Hogar,2024-10-29,1049.98,Cancelada
POL-000078,CLI-0467,Salud,2025-12-05,5145.56,Pendiente
POL-000079,CLI-0121,Auto,2024-01-14,3759.66,Activa
POL-000080,CLI-0428,Empresarial,2025-11-16,2818.75,Activa
POL-000081,CLI-0400,Empresarial,2024-03-17,4034.89,Activa
POL-000082,CLI-0464,Vida,2025-10-21,1425.15,Pendiente
POL-000083,CLI-0136,Hogar,2024-02-21,728.99,Inactiva
POL-000084,CLI-0448,Auto,2024-10-24,2109.14,Pendiente
POL-000085,CLI-0219,Auto,2024-04-07,4711.6,Activa
POL-000086,CLI-0005,Salud,2025-11-10,3630.15,Pendiente
POL-000087,CLI-0184,Hogar,2025-09-28,1622.04,Activa
POL-000088,CLI-0191,Vida,2024-07-06,803.31,Cancelada
POL-000089,CLI-0493,Hogar,2024-10-05,4629.25,Cancelada
POL-000090,CLI-0410,Hogar,2025-10-26,4896.46,Inactiva
POL-000091,CLI-0058,Salud,2025-12-13,4049.98,Inactiva
POL-000092,CLI-0054,Hogar,2025-08-27,2758.18,Cancelada
POL-000093,CLI-0093,Empresarial,2025-01-23,4329.57,Activa
POL-000094,CLI-0442,Salud,2025-05-09,5078.11,Activa
POL-000095,CLI-0455,Hogar,2025-03-27,443.65,Pendiente
POL-000096,CLI-0336,Vida,2024-01-13,3934.21,Inactiva
POL-000097,CLI-0490,Vida,2025-06-15,2972.45,Activa
POL-000098,CLI-0222,Salud,2025-05-08,2032.47,Cancelada
POL-000099,CLI-0077,Empresarial,2025-09-19,489.2,Inactiva
POL-000100,CLI-0259,Hogar,2025-05-22,4807.9,Activa
POL-000101,CLI-0385,Hogar,2024-11-24,1476.73,Pendiente
POL-000102,CLI-0026,Empresarial,2024-08-16,3117.63,Cancelada
POL-000103,CLI-0207,Salud,2024-03-21,2633.2,Cancelada
POL-000104,CLI-0046,Hogar,2025-04-02,1875.13,Cancelada
POL-000105,CLI-0382,Auto,2024-04-15,2338.23,Activa
POL-000106,CLI-0286,Empresarial,2024-01-01,4577.32,Pendiente
POL-000107,CLI-0456,Empresarial,2025-07-29,1296.31,Cancelada
POL-000108,CLI-0487,Vida,2025-01-07,4574.15,Inactiva
POL-000109,CLI-0433,Hogar,2024-12-05,3168.8,Cancelada
POL-000110,CLI-0367,Vida,2026-01-03,2598.42,Activa
POL-000111,CLI-0389,Salud,2024-01-03,2009.19,Pendiente
POL-000112,CLI-0281,Empresarial,2025-01-17,3921.11,Activa
POL-000113,CLI-0460,Salud,2025-05-19,944.38,Cancelada
POL-000114,CLI-0055,Vida,2025-09-17,1238.38,Activa
POL-000115,CLI-0477,Hogar,2024-08-08,2622.34,Inactiva
POL-000116,CLI-0367,Vida,2024-04-20,4212.89,Activa
POL-000117,CLI-0475,Empresarial,2024-05-06,4292.37,Cancelada
POL-000118,CLI-0235,Empresarial,2025-05-31,913.57,Cancelada
POL-000119,CLI-0003,Empresarial,2026-01-23,457.43,Cancelada
POL-000120,CLI-0430,Empresarial,2025-05-09,5099.17,Inactiva
POL-000121,CLI-0355,Empresarial,2024-06-26,4071.62,Inactiva
POL-000122,CLI-0054,Hogar,2025-11-04,3382.89,Pendiente
POL-000123,CLI-0259,Hogar,2025-03-04,5391.35,Inactiva
POL-000124,CLI-0141,Hogar,2024-12-17,5343.61,Cancelada
POL-000125,CLI-0413,Salud,2024-05-21,2387.55,Pendiente
POL-000126,CLI-0432,Empresarial,2024-11-17,3972.93,Inactiva
POL-000127,CLI-0103,Salud,2025-10-01,3986.24,Pendiente
POL-000128,CLI-0472,Salud,2025-12-28,3645.46,Inactiva
POL-000129,CLI-0258,Empresarial,2025-12-11,3575.45,Activa
POL-000130,CLI-0390,Vida,2025-07-29,2745.96,Cancelada
POL-000131,CLI-0346,Empresarial,2024-10-19,4850.63,Cancelada
POL-000132,CLI-0414,Auto,2025-06-19,764.29,Cancelada
POL-000133,CLI-0075,Auto,2025-11-17,500.01,Pendiente
POL-000134,CLI-0385,Salud,2024-10-20,3821.97,Inactiva
POL-000135,CLI-0430,Auto,2025-12-08,4357.09,Inactiva
POL-000136,CLI-0386,Empresarial,2024-02-03,2101.02,Cancelada
POL-000137,CLI-0053,Empresarial,2025-11-22,4119.31,Inactiva
POL-000138,CLI-0381,Empresarial,2025-02-02,1459.26,Pendiente
POL-000139,CLI-0355,Auto,2025-01-25,2254.04,Pendiente
POL-000140,CLI-0495,Empresarial,2024-02-25,268.72,Pendiente
POL-000141,CLI-0104,Empresarial,2026-03-10,4760.36,Cancelada
POL-000142,CLI-0425,Salud,2025-10-10,3934.53,Pendiente
POL-000143,CLI-0387,Empresarial,2025-07-13,4113.79,Inactiva
POL-000144,CLI-0398,Salud,2024-10-28,2578.72,Activa
POL-000145,CLI-0096,Salud,2026-01-22,2923.39,Cancelada
POL-000146,CLI-0021,Hogar,2024-10-12,3149.97,Inactiva
POL-000147,CLI-0083,Empresarial,2024-09-18,229.92,Cancelada
POL-000148,CLI-0364,Salud,2024-02-10,1014.63,Pendiente
POL-000149,CLI-0306,Auto,2026-03-03,5141.62,Pendiente
POL-000150,CLI-0252,Empresarial,2025-07-17,2097.85,Pendiente
POL-000151,CLI-0270,Salud,2024-07-07,2959.21,Inactiva
POL-000152,CLI-0213,Empresarial,2025-07-03,2338.11,Pendiente
POL-000153,CLI-0114,Salud,2025-11-10,1958.98,Pendiente
POL-000154,CLI-0151,Salud,2026-02-09,3476.89,Cancelada
POL-000155,CLI-0288,Auto,2024-04-27,3745.37,Cancelada
POL-000156,CLI-0124,Empresarial,2025-09-28,1492.28,Activa
POL-000157,CLI-0350,Vida,2025-01-25,5054.44,Activa
POL-000158,CLI-0198,Vida,2025-07-07,4037.07,Activa
POL-000159,CLI-0467,Empresarial,2026-02-27,2187.28,Cancelada
POL-000160,CLI-0250,Auto,2024-10-30,4960.89,Inactiva
POL-000161,CLI-0165,Empresarial,2024-03-25,5225.52,Inactiva
POL-000162,CLI-0498,Empresarial,2025-06-30,238.85,Activa
POL-000163,CLI-0108,Salud,2025-12-02,2448.31,Activa
POL-000164,CLI-0106,Empresarial,2025-12-20,4856.78,Cancelada
POL-000165,CLI-0332,Auto,2026-02-03,3836.03,Activa
POL-000166,CLI-0236,Vida,2024-02-08,663.86,Activa
POL-000167,CLI-0092,Vida,2025-07-25,573.34,Inactiva
POL-000168,CLI-0467,Vida,2025-02-21,2256.57,Cancelada
POL-000169,CLI-0222,Vida,2024-01-18,2264.36,Activa
POL-000170,CLI-0274,Auto,2025-10-18,4017.51,Activa
POL-000171,CLI-0388,Empresarial,2024-02-16,3914.67,Activa
POL-000172,CLI-0184,Empresarial,2024-04-18,1736.13,Pendiente
POL-000173,CLI-0311,Auto,2024-10-15,4255.95,Cancelada
POL-000174,CLI-0196,Hogar,2025-11-07,363.34,Inactiva
POL-000175,CLI-0274,Salud,2024-05-19,4157.8,Pendiente
POL-000176,CLI-0492,Salud,2024-11-01,3789.63,Pendiente
POL-000177,CLI-0491,Auto,2025-07-20,4836.26,Inactiva
POL-000178,CLI-0064,Auto,2024-01-06,3235.41,Cancelada
POL-000179,CLI-0276,Empresarial,2024-03-28,1814.86,Pendiente
POL-000180,CLI-0109,Hogar,2025-10-23,4712.73,Inactiva
POL-000181,CLI-0083,Salud,2024-08-14,3469.49,Pendiente
POL-000182,CLI-0100,Auto,2024-07-04,3756.18,Activa
POL-000183,CLI-0436,Empresarial,2025-04-17,3616.77,Activa
POL-000184,CLI-0149,Auto,2024-09-13,720.47,Cancelada
POL-000185,CLI-0488,Vida,2024-12-31,879.54,Inactiva
POL-000186,CLI-0052,Vida,2025-09-26,569.99,Inactiva
POL-000187,CLI-0163,Hogar,2025-04-06,1940.23,Pendiente
POL-000188,CLI-0356,Empresarial,2024-06-05,3197.43,Pendiente
POL-000189,CLI-0414,Vida,2025-03-14,1093.79,Pendiente
POL-000190,CLI-0127,Salud,2025-12-30,4121.03,Cancelada
POL-000191,CLI-0142,Vida,2024-05-17,3801.77,Pendiente
POL-000192,CLI-0450,Hogar,2025-04-18,2560.4,Pendiente
POL-000193,CLI-0250,Empresarial,2024-04-21,1131.58,Activa
POL-000194,CLI-0431,Vida,2024-05-23,4923.87,Inactiva
POL-000195,CLI-0135,Auto,2026-01-14,599.62,Activa
POL-000196,CLI-0435,Empresarial,2025-10-08,365.33,Cancelada
POL-000197,CLI-0394,Empresarial,2024-08-05,5003.41,Pendiente
POL-000198,CLI-0279,Empresarial,2025-04-28,3665.71,Inactiva
POL-000199,CLI-0188,Hogar,2024-08-16,4924.62,Pendiente
POL-000200,CLI-0069,Hogar,2025-05-28,2905.18,Cancelada
POL-000201,CLI-0187,Empresarial,2024-01-11,3712.2,Inactiva
POL-000202,CLI-0388,Empresarial,2024-05-23,2564.97,Inactiva
POL-000203,CLI-0290,Empresarial,2025-11-06,4822.63,Inactiva
POL-000204,CLI-0377,Hogar,2025-01-02,414.23,Cancelada
POL-000205,CLI-0119,Auto,2024-09-27,2158.01,Activa
POL-000206,CLI-0343,Salud,2025-06-14,5010.95,Pendiente
POL-000207,CLI-0199,Hogar,2025-04-10,4872.23,Activa
POL-000208,CLI-0333,Vida,2024-04-15,3929.8,Pendiente
POL-000209,CLI-0428,Vida,2025-08-15,3085.06,Inactiva
POL-000210,CLI-0193,Hogar,2025-01-09,3314.7,Activa
POL-000211,CLI-0265,Vida,2025-01-20,5355.17,Inactiva
POL-000212,CLI-0265,Hogar,2024-12-27,4531.35,Pendiente
POL-000213,CLI-0250,Hogar,2025-09-10,234.97,Inactiva
POL-000214,CLI-0226,Salud,2024-08-23,608.57,Pendiente
POL-000215,CLI-0109,Salud,2024-07-10,1033.99,Activa
POL-000216,CLI-0339,Salud,2025-02-28,4499.21,Activa
POL-000217,CLI-0247,Hogar,2025-05-05,1316.73,Inactiva
POL-000218,CLI-0332,Hogar,2024-01-23,1491.45,Inactiva
POL-000219,CLI-0294,Empresarial,2024-06-13,914.04,Activa
POL-000220,CLI-0457,Empresarial,2024-05-30,496.33,Pendiente
POL-000221,CLI-0473,Salud,2025-06-13,5278.66,Activa
POL-000222,CLI-0450,Vida,2024-03-28,1347.95,Cancelada
POL-000223,CLI-0445,Hogar,2024-06-23,1362.63,Cancelada
POL-000224,CLI-0308,Salud,2025-08-19,4548.4,Inactiva
POL-000225,CLI-0320,Empresarial,2024-09-27,1088.93,Pendiente
POL-000226,CLI-0473,Hogar,2025-09-02,3330.16,Inactiva
POL-000227,CLI-0194,Hogar,2024-05-15,775.42,Inactiva
POL-000228,CLI-0268,Empresarial,2025-12-01,2424.91,Inactiva
POL-000229,CLI-0311,Auto,2024-06-30,2722.11,Activa
POL-000230,CLI-0450,Empresarial,2025-05-30,4187.63,Activa
POL-000231,CLI-0247,Salud,2025-09-09,3058.22,Activa
POL-000232,CLI-0460,Hogar,2025-06-18,2429.63,Activa
POL-000233,CLI-0358,Empresarial,2025-03-15,1416.28,Cancelada
POL-000234,CLI-0405,Hogar,2024-12-24,3321.95,Activa
POL-000235,CLI-0218,Salud,2024-09-17,2728.85,Inactiva
POL-000236,CLI-0466,Auto,2024-10-17,3370.95,Cancelada
POL-000237,CLI-0132,Salud,2024-01-06,3958.49,Activa
POL-000238,CLI-0296,Empresarial,2024-04-30,2954.74,Cancelada
POL-000239,CLI-0336,Salud,2025-12-05,4462.72,Cancelada
POL-000240,CLI-0186,Auto,2024-06-07,2458.18,Pendiente
POL-000241,CLI-0134,Empresarial,2025-03-09,3192.75,Pendiente
POL-000242,CLI-0349,Hogar,2026-02-12,1279.58,Cancelada
POL-000243,CLI-0092,Vida,2025-07-26,3141.03,Pendiente
POL-000244,CLI-0158,Empresarial,2024-12-18,4303.23,Cancelada
POL-000245,CLI-0377,Salud,2025-11-06,831.15,Inactiva
POL-000246,CLI-0229,Salud,2024-04-12,1336.63,Cancelada
POL-000247,CLI-0403,Vida,2025-07-17,3454.33,Activa
POL-000248,CLI-0083,Hogar,2025-10-13,228.04,Activa
POL-000249,CLI-0422,Salud,2025-04-27,5107.07,Cancelada
POL-000250,CLI-0046,Auto,2024-09-26,1375.38,Activa
POL-000251,CLI-0312,Auto,2026-01-11,2236.93,Cancelada
POL-000252,CLI-0315,Empresarial,2024-10-20,3971.51,Activa
POL-000253,CLI-0485,Salud,2025-10-17,2820.15,Activa
POL-000254,CLI-0104,Empresarial,2024-10-19,1232.16,Inactiva
POL-000255,CLI-0315,Salud,2025-11-21,391.12,Inactiva
POL-000256,CLI-0336,Auto,2024-06-10,660.27,Pendiente
POL-000257,CLI-0400,Hogar,2024-12-27,3749.21,Cancelada
POL-000258,CLI-0301,Salud,2025-06-14,281.44,Activa
POL-000259,CLI-0471,Auto,2025-07-16,1707.82,Pendiente
POL-000260,CLI-0178,Vida,2024-08-19,3413.73,Inactiva
POL-000261,CLI-0233,Hogar,2025-08-11,224.65,Inactiva
POL-000262,CLI-0209,Empresarial,2024-04-19,3160.74,Pendiente
POL-000263,CLI-0175,Auto,2025-06-09,5270.56,Pendiente
POL-000264,CLI-0356,Hogar,2025-01-21,3184.79,Inactiva
POL-000265,CLI-0388,Vida,2026-03-05,2631.9,Cancelada
POL-000266,CLI-0460,Empresarial,2024-01-29,2754.44,Pendiente
POL-000267,CLI-0035,Hogar,2025-10-10,4379.88,Inactiva
POL-000268,CLI-0347,Salud,2024-11-19,2385.86,Pendiente
POL-000269,CLI-0265,Empresarial,2024-01-10,3914.34,Pendiente
POL-000270,CLI-0128,Vida,2024-04-05,2314.33,Pendiente
POL-000271,CLI-0039,Empresarial,2024-07-01,2725.74,Pendiente
POL-000272,CLI-0112,Empresarial,2024-10-02,1168.76,Inactiva
POL-000273,CLI-0256,Salud,2024-08-28,4097.77,Pendiente
POL-000274,CLI-0106,Salud,2024-07-26,4625.18,Pendiente
POL-000275,CLI-0080,Auto,2024-05-02,5077.0,Cancelada
POL-000276,CLI-0315,Auto,2026-02-21,4742.57,Activa
POL-000277,CLI-0435,Hogar,2025-01-15,3489.54,Cancelada
POL-000278,CLI-0460,Empresarial,2024-10-08,2801.27,Pendiente
POL-000279,CLI-0204,Salud,2026-02-07,3256.33,Activa
POL-000280,CLI-0270,Hogar,2025-05-04,5180.17,Activa
POL-000281,CLI-0258,Vida,2025-02-07,4760.12,Inactiva
POL-000282,CLI-0235,Auto,2025-12-16,2946.49,Pendiente
POL-000283,CLI-0353,Auto,2024-01-13,3772.75,Cancelada
POL-000284,CLI-0298,Auto,2024-11-29,2116.49,Pendiente
POL-000285,CLI-0096,Empresarial,2024-09-26,1456.84,Cancelada
POL-000286,CLI-0491,Empresarial,2024-12-17,2139.4,Cancelada
POL-000287,CLI-0218,Salud,2025-03-05,3913.78,Pendiente
POL-000288,CLI-0187,Hogar,2024-10-13,2588.86,Inactiva
POL-000289,CLI-0295,Salud,2024-04-12,4020.32,Inactiva
POL-000290,CLI-0285,Hogar,2025-01-25,1239.14,Inactiva
POL-000291,CLI-0243,Auto,2024-06-29,2434.06,Inactiva
POL-000292,CLI-0458,Empresarial,2025-06-30,4018.97,Cancelada
POL-000293,CLI-0154,Vida,2025-07-29,4750.06,Activa
POL-000294,CLI-0204,Auto,2025-12-08,1065.71,Inactiva
POL-000295,CLI-0417,Vida,2025-05-02,4646.55,Activa
POL-000296,CLI-0231,Vida,2024-09-23,2113.1,Pendiente
POL-000297,CLI-0177,Auto,2025-02-25,842.56,Inactiva
POL-000298,CLI-0296,Empresarial,2025-10-27,3640.39,Inactiva
POL-000299,CLI-0400,Vida,2024-12-29,1922.98,Cancelada
POL-000300,CLI-0397,Hogar,2024-03-21,2219.68,Pendiente
POL-000301,CLI-0238,Salud,2024-06-20,3595.08,Pendiente
POL-000302,CLI-0216,Empresarial,2025-08-08,2345.3,Activa
POL-000303,CLI-0041,Salud,2024-12-17,1409.56,Pendiente
POL-000304,CLI-0335,Vida,2025-12-28,1617.6,Cancelada
POL-000305,CLI-0139,Hogar,2026-03-10,4772.87,Pendiente
POL-000306,CLI-0383,Empresarial,2025-06-17,5317.29,Cancelada
POL-000307,CLI-0086,Salud,2024-01-24,862.71,Inactiva
POL-000308,CLI-0339,Vida,2026-01-31,3913.69,Activa
POL-000309,CLI-0108,Salud,2025-02-10,745.95,Activa
POL-000310,CLI-0480,Hogar,2025-07-15,485.27,Cancelada
POL-000311,CLI-0269,Auto,2024-04-16,1591.0,Inactiva
POL-000312,CLI-0044,Hogar,2024-11-12,1415.59,Pendiente
POL-000313,CLI-0227,Salud,2024-05-14,2991.73,Inactiva
POL-000314,CLI-0015,Auto,2025-11-10,2091.26,Pendiente
POL-000315,CLI-0443,Hogar,2025-04-23,5367.4,Pendiente
POL-000316,CLI-0281,Hogar,2024-05-18,5338.57,Inactiva
POL-000317,CLI-0303,Empresarial,2025-04-12,3544.55,Cancelada
POL-000318,CLI-0269,Empresarial,2024-11-13,5017.29,Cancelada
POL-000319,CLI-0277,Salud,2024-04-01,2541.86,Pendiente
POL-000320,CLI-0212,Vida,2024-06-08,1808.94,Activa
POL-000321,CLI-0268,Salud,2024-12-18,1719.84,Activa
POL-000322,CLI-0353,Hogar,2026-02-12,2728.46,Activa
POL-000323,CLI-0393,Hogar,2024-10-26,3364.12,Activa
POL-000324,CLI-0281,Vida,2024-07-12,2382.2,Cancelada
POL-000325,CLI-0203,Salud,2024-06-16,3989.17,Cancelada
POL-000326,CLI-0425,Hogar,2024-08-13,1593.8,Cancelada
POL-000327,CLI-0321,Salud,2025-06-13,4252.05,Pendiente
POL-000328,CLI-0146,Empresarial,2024-10-02,2388.39,Activa
POL-000329,CLI-0094,Salud,2024-10-23,784.89,Cancelada
POL-000330,CLI-0317,Hogar,2024-10-05,3912.5,Cancelada
POL-000331,CLI-0097,Vida,2024-01-20,1006.39,Activa
POL-000332,CLI-0096,Auto,2024-10-15,1626.73,Cancelada
POL-000333,CLI-0373,Auto,2024-08-26,678.04,Activa
POL-000334,CLI-0253,Salud,2024-12-16,2427.29,Cancelada
POL-000335,CLI-0191,Hogar,2025-12-14,4394.55,Pendiente
POL-000336,CLI-0042,Salud,2024-02-27,1612.47,Cancelada
POL-000337,CLI-0037,Empresarial,2025-04-26,1162.5,Pendiente
POL-000338,CLI-0419,Hogar,2024-01-13,846.4,Inactiva
POL-000339,CLI-0198,Hogar,2024-09-10,4109.38,Activa
POL-000340,CLI-0102,Hogar,2026-01-22,4286.28,Inactiva
POL-000341,CLI-0243,Hogar,2025-11-28,5294.43,Pendiente
POL-000342,CLI-0082,Auto,2026-02-01,5168.33,Activa
POL-000343,CLI-0130,Hogar,2025-10-15,1783.71,Pendiente
POL-000344,CLI-0455,Auto,2025-11-13,1354.28,Activa
POL-000345,CLI-0121,Hogar,2024-11-28,279.86,Pendiente
POL-000346,CLI-0300,Auto,2025-02-09,4382.46,Activa
POL-000347,CLI-0497,Auto,2025-08-18,4352.42,Cancelada
POL-000348,CLI-0353,Empresarial,2024-06-07,2168.41,Activa
POL-000349,CLI-0128,Salud,2025-05-26,684.43,Pendiente
POL-000350,CLI-0477,Auto,2024-03-02,2084.24,Inactiva
POL-000351,CLI-0360,Empresarial,2024-04-19,866.89,Inactiva
POL-000352,CLI-0163,Empresarial,2025-10-22,4210.5,Cancelada
POL-000353,CLI-0376,Salud,2024-01-22,3853.02,Pendiente
POL-000354,CLI-0371,Salud,2024-09-13,4962.91,Cancelada
POL-000355,CLI-0362,Hogar,2025-07-26,1761.99,Cancelada
POL-000356,CLI-0098,Empresarial,2024-07-10,3081.19,Pendiente
POL-000357,CLI-0375,Hogar,2024-10-08,4798.61,Inactiva
POL-000358,CLI-0036,Empresarial,2024-06-07,2581.74,Pendiente
POL-000359,CLI-0278,Vida,2025-04-09,203.82,Cancelada
POL-000360,CLI-0376,Salud,2024-01-20,3484.59,Pendiente
POL-000361,CLI-0398,Empresarial,2024-09-01,1899.68,Activa
POL-000362,CLI-0338,Empresarial,2025-01-31,1206.31,Cancelada
POL-000363,CLI-0393,Empresarial,2024-06-06,3449.11,Pendiente
POL-000364,CLI-0210,Vida,2024-04-23,710.16,Activa
POL-000365,CLI-0023,Salud,2024-07-01,4829.51,Inactiva
POL-000366,CLI-0055,Hogar,2024-07-15,723.39,Cancelada
POL-000367,CLI-0337,Hogar,2025-06-22,3507.04,Pendiente
POL-000368,CLI-0026,Vida,2024-08-14,3411.55,Activa
POL-000369,CLI-0007,Salud,2025-11-02,2804.45,Activa
POL-000370,CLI-0240,Auto,2025-01-04,3157.51,Cancelada
POL-000371,CLI-0421,Vida,2025-12-26,508.99,Pendiente
POL-000372,CLI-0271,Auto,2026-01-21,573.06,Pendiente
POL-000373,CLI-0040,Salud,2025-06-15,714.73,Inactiva
POL-000374,CLI-0273,Hogar,2024-07-13,1223.53,Inactiva
POL-000375,CLI-0292,Salud,2025-07-25,4170.73,Cancelada
POL-000376,CLI-0383,Auto,2026-02-23,3584.71,Pendiente
POL-000377,CLI-0346,Hogar,2025-12-20,3725.78,Activa
POL-000378,CLI-0086,Salud,2025-07-17,2328.25,Pendiente
POL-000379,CLI-0337,Salud,2025-06-30,5491.7,Cancelada
POL-000380,CLI-0478,Vida,2024-11-18,3115.43,Pendiente
POL-000381,CLI-0433,Vida,2025-02-26,4250.18,Cancelada
POL-000382,CLI-0423,Vida,2025-09-15,1475.83,Inactiva
POL-000383,CLI-0193,Empresarial,2026-02-01,1546.67,Cancelada
POL-000384,CLI-0230,Hogar,2024-01-01,4049.46,Pendiente
POL-000385,CLI-0306,Auto,2025-06-14,915.95,Pendiente
POL-000386,CLI-0004,Vida,2024-08-15,1338.56,Pendiente
POL-000387,CLI-0012,Vida,2025-07-20,2909.74,Inactiva
POL-000388,CLI-0049,Auto,2025-04-16,2084.98,Inactiva
POL-000389,CLI-0136,Vida,2025-08-19,1524.24,Pendiente
POL-000390,CLI-0416,Vida,2024-04-04,3223.58,Inactiva
POL-000391,CLI-0376,Auto,2026-01-10,1920.87,Cancelada
POL-000392,CLI-0089,Hogar,2025-12-07,3925.09,Activa
POL-000393,CLI-0305,Vida,2024-02-08,4073.18,Cancelada
POL-000394,CLI-0041,Auto,2026-02-28,1972.27,Cancelada
POL-000395,CLI-0214,Auto,2026-02-27,1401.6,Activa
POL-000396,CLI-0325,Hogar,2024-02-25,1815.35,Activa
POL-000397,CLI-0164,Empresarial,2025-08-01,992.77,Inactiva
POL-000398,CLI-0079,Auto,2025-11-20,4077.37,Cancelada
POL-000399,CLI-0498,Hogar,2026-02-09,3354.2,Activa
POL-000400,CLI-0114,Hogar,2024-10-23,4367.75,Inactiva
POL-000401,CLI-0068,Vida,2024-03-25,2722.03,Activa
POL-000402,CLI-0281,Hogar,2024-09-25,650.92,Cancelada
POL-000403,CLI-0397,Salud,2026-02-19,914.82,Inactiva
POL-000404,CLI-0250,Hogar,2025-10-29,3228.05,Inactiva
POL-000405,CLI-0125,Auto,2024-09-29,4316.89,Pendiente
POL-000406,CLI-0351,Empresarial,2024-04-01,796.41,Cancelada
POL-000407,CLI-0217,Vida,2024-12-22,1209.6,Pendiente
POL-000408,CLI-0305,Auto,2026-02-27,1815.54,Pendiente
POL-000409,CLI-0316,Hogar,2025-09-30,972.84,Activa
POL-000410,CLI-0474,Salud,2024-07-23,3832.4,Inactiva
POL-000411,CLI-0388,Auto,2024-04-25,4119.78,Inactiva
POL-000412,CLI-0486,Empresarial,2024-05-31,4804.39,Pendiente
POL-000413,CLI-0008,Vida,2025-12-11,4462.69,Pendiente
POL-000414,CLI-0231,Hogar,2024-01-24,1958.95,Inactiva
POL-000415,CLI-0105,Empresarial,2025-06-19,4176.88,Cancelada
POL-000416,CLI-0319,Salud,2025-12-12,3903.4,Activa
POL-000417,CLI-0193,Empresarial,2025-11-10,2992.04,Pendiente
POL-000418,CLI-0088,Auto,2024-10-17,1263.69,Pendiente
POL-000419,CLI-0028,Hogar,2025-11-01,5209.44,Activa
POL-000420,CLI-0199,Vida,2025-11-09,4716.04,Pendiente
POL-000421,CLI-0443,Auto,2024-01-20,1750.23,Cancelada
POL-000422,CLI-0119,Hogar,2025-06-04,5376.04,Activa
POL-000423,CLI-0463,Vida,2025-05-11,4793.9,Activa
POL-000424,CLI-0096,Salud,2025-05-27,5323.99,Activa
POL-000425,CLI-0021,Salud,2025-06-26,1816.12,Cancelada
POL-000426,CLI-0202,Salud,2024-01-19,2037.93,Pendiente
POL-000427,CLI-0182,Vida,2024-08-29,5478.77,Pendiente
POL-000428,CLI-0416,Auto,2025-10-02,1565.7,Cancelada
POL-000429,CLI-0456,Auto,2025-07-22,5230.32,Inactiva
POL-000430,CLI-0078,Vida,2025-02-06,3681.74,Activa
POL-000431,CLI-0374,Hogar,2025-06-17,5291.21,Inactiva
POL-000432,CLI-0214,Salud,2025-08-09,1009.57,Pendiente
POL-000433,CLI-0466,Empresarial,2024-12-03,2580.6,Inactiva
POL-000434,CLI-0106,Salud,2025-08-17,3069.18,Inactiva
POL-000435,CLI-0442,Salud,2024-11-12,3849.22,Inactiva
POL-000436,CLI-0221,Salud,2025-11-02,5145.06,Inactiva
POL-000437,CLI-0163,Auto,2025-07-24,3024.7,Activa
POL-000438,CLI-0095,Vida,2024-05-29,4053.52,Pendiente
POL-000439,CLI-0451,Hogar,2025-02-25,1807.74,Pendiente
POL-000440,CLI-0078,Salud,2024-04-19,897.19,Activa
POL-000441,CLI-0391,Empresarial,2025-09-23,1614.37,Inactiva
POL-000442,CLI-0306,Salud,2024-08-24,3843.1,Pendiente
POL-000443,CLI-0041,Hogar,2024-05-17,2862.32,Cancelada
POL-000444,CLI-0365,Vida,2024-07-07,4716.29,Cancelada
POL-000445,CLI-0243,Salud,2024-06-16,1224.28,Activa
POL-000446,CLI-0210,Auto,2024-10-03,5236.05,Inactiva
POL-000447,CLI-0381,Salud,2026-02-14,1284.18,Inactiva
POL-000448,CLI-0475,Hogar,2025-09-23,2796.7,Pendiente
POL-000449,CLI-0444,Hogar,2024-09-09,2466.05,Activa
POL-000450,CLI-0312,Hogar,2026-01-07,1858.36,Activa
POL-000451,CLI-0267,Auto,2025-04-07,2621.57,Activa
POL-000452,CLI-0450,Salud,2025-06-15,3050.71,Activa
POL-000453,CLI-0286,Hogar,2025-06-12,4255.35,Activa
POL-000454,CLI-0098,Vida,2025-03-26,2309.61,Pendiente
POL-000455,CLI-0397,Vida,2025-04-17,1082.38,Pendiente
POL-000456,CLI-0314,Auto,2025-12-07,2939.94,Inactiva
POL-000457,CLI-0238,Hogar,2024-04-02,4030.03,Activa
POL-000458,CLI-0093,Empresarial,2025-12-13,3095.96,Cancelada
POL-000459,CLI-0212,Vida,2025-04-06,332.03,Cancelada
POL-000460,CLI-0303,Salud,2025-04-10,677.95,Pendiente
POL-000461,CLI-0355,Salud,2026-01-05,4086.29,Activa
POL-000462,CLI-0059,Hogar,2025-10-11,2123.6,Cancelada
POL-000463,CLI-0373,Empresarial,2025-09-18,5233.7,Cancelada
POL-000464,CLI-0282,Hogar,2024-02-14,4271.78,Pendiente
POL-000465,CLI-0290,Salud,2024-06-15,4804.74,Inactiva
POL-000466,CLI-0394,Auto,2025-03-05,1832.73,Cancelada
POL-000467,CLI-0148,Salud,2024-04-30,4962.27,Inactiva
POL-000468,CLI-0002,Empresarial,2026-02-22,1541.49,Cancelada
POL-000469,CLI-0255,Hogar,2025-07-10,4479.51,Cancelada
POL-000470,CLI-0122,Salud,2025-08-25,3695.19,Cancelada
POL-000471,CLI-0210,Hogar,2024-03-22,3386.45,Activa
POL-000472,CLI-0126,Empresarial,2024-10-11,3484.76,Inactiva
POL-000473,CLI-0026,Salud,2024-05-31,491.84,Pendiente
POL-000474,CLI-0019,Salud,2024-02-03,3735.08,Pendiente
POL-000475,CLI-0170,Auto,2024-02-20,777.1,Inactiva
POL-000476,CLI-0083,Vida,2025-09-17,3702.9,Inactiva
POL-000477,CLI-0495,Hogar,2026-02-06,3268.52,Activa
POL-000478,CLI-0048,Vida,2024-11-26,2153.42,Cancelada
POL-000479,CLI-0420,Auto,2026-02-15,2464.82,Activa
POL-000480,CLI-0150,Hogar,2024-05-17,846.72,Pendiente
POL-000481,CLI-0169,Empresarial,2025-02-27,2980.62,Inactiva
POL-000482,CLI-0314,Auto,2024-04-21,3228.25,Activa
POL-000483,CLI-0248,Empresarial,2025-12-24,1722.09,Pendiente
POL-000484,CLI-0133,Empresarial,2025-08-11,5473.63,Pendiente
POL-000485,CLI-0475,Salud,2025-09-21,3181.96,Cancelada
POL-000486,CLI-0253,Salud,2025-09-16,1433.42,Pendiente
POL-000487,CLI-0100,Auto,2024-05-01,327.13,Activa
POL-000488,CLI-0378,Salud,2025-09-22,5494.63,Cancelada
POL-000489,CLI-0024,Vida,2024-12-24,3170.2,Inactiva
POL-000490,CLI-0006,Salud,2025-12-07,1692.62,Activa
POL-000491,CLI-0158,Vida,2025-06-02,3114.97,Activa
POL-000492,CLI-0059,Vida,2024-12-15,2299.06,Activa
POL-000493,CLI-0427,Salud,2024-07-17,1951.73,Pendiente
POL-000494,CLI-0473,Hogar,2025-04-30,4425.45,Inactiva
POL-000495,CLI-0247,Salud,2025-10-04,2641.28,Pendiente
POL-000496,CLI-0237,Hogar,2026-01-30,496.92,Pendiente
POL-000497,CLI-0290,Vida,2025-07-22,3040.19,Inactiva
POL-000498,CLI-0296,Vida,2024-12-28,550.93,Inactiva
POL-000499,CLI-0144,Auto,2024-12-13,5413.18,Inactiva
POL-000500,CLI-0293,Empresarial,2025-02-02,1193.11,Activa
POL-000501,CLI-0443,Vida,2025-12-23,4746.44,Activa
POL-000502,CLI-0140,Hogar,2024-03-29,2834.39,Inactiva
POL-000503,CLI-0191,Hogar,2024-11-05,1345.54,Pendiente
POL-000504,CLI-0090,Auto,2025-01-18,4360.2,Inactiva
POL-000505,CLI-0468,Auto,2025-03-30,2881.77,Cancelada
POL-000506,CLI-0464,Empresarial,2024-06-06,1208.12,Cancelada
POL-000507,CLI-0376,Empresarial,2024-11-13,4310.33,Inactiva
POL-000508,CLI-0394,Auto,2025-06-12,3786.6,Inactiva
POL-000509,CLI-0106,Auto,2025-04-15,2254.22,Activa
POL-000510,CLI-0003,Vida,2024-02-15,3841.38,Activa
POL-000511,CLI-0171,Hogar,2024-02-17,746.44,Pendiente
POL-000512,CLI-0012,Empresarial,2026-02-15,1854.36,Inactiva
POL-000513,CLI-0165,Salud,2024-07-16,1718.81,Pendiente
POL-000514,CLI-0396,Hogar,2025-11-18,823.55,Inactiva
POL-000515,CLI-0081,Vida,2024-04-27,280.86,Activa
POL-000516,CLI-0106,Empresarial,2024-12-24,3111.64,Pendiente
POL-000517,CLI-0073,Vida,2025-08-10,1497.57,Activa
POL-000518,CLI-0160,Empresarial,2024-12-12,3065.06,Activa
POL-000519,CLI-0067,Auto,2025-04-27,4987.45,Activa
POL-000520,CLI-0055,Hogar,2024-02-25,656.43,Cancelada
POL-000521,CLI-0092,Empresarial,2025-08-29,3536.19,Cancelada
POL-000522,CLI-0316,Vida,2024-11-15,1961.36,Inactiva
POL-000523,CLI-0366,Empresarial,2024-03-21,5360.51,Cancelada
POL-000524,CLI-0291,Salud,2024-04-05,4508.11,Cancelada
POL-000525,CLI-0050,Hogar,2024-11-13,3827.73,Cancelada
POL-000526,CLI-0241,Salud,2024-08-17,961.72,Pendiente
POL-000527,CLI-0468,Vida,2025-02-05,1171.77,Pendiente
POL-000528,CLI-0404,Vida,2025-04-09,2783.79,Activa
POL-000529,CLI-0244,Auto,2024-12-25,2736.86,Inactiva
POL-000530,CLI-0145,Vida,2025-09-10,3245.79,Activa
POL-000531,CLI-0208,Auto,2024-11-29,3147.59,Activa
POL-000532,CLI-0406,Vida,2025-06-29,2643.17,Cancelada
POL-000533,CLI-0123,Empresarial,2024-09-06,3104.13,Cancelada
POL-000534,CLI-0197,Auto,2024-12-14,1303.66,Cancelada
POL-000535,CLI-0402,Hogar,2025-08-03,4372.83,Inactiva
POL-000536,CLI-0089,Auto,2026-01-27,5133.58,Cancelada
POL-000537,CLI-0059,Empresarial,2025-09-02,2653.41,Activa
POL-000538,CLI-0421,Hogar,2024-06-29,1832.59,Cancelada
POL-000539,CLI-0036,Empresarial,2024-04-21,3833.2,Cancelada
POL-000540,CLI-0168,Hogar,2025-10-22,3698.87,Activa
POL-000541,CLI-0112,Salud,2025-08-17,4987.26,Activa
POL-000542,CLI-0388,Salud,2025-11-07,990.85,Pendiente
POL-000543,CLI-0200,Empresarial,2025-08-14,2569.95,Inactiva
POL-000544,CLI-0349,Vida,2024-11-02,3222.46,Pendiente
POL-000545,CLI-0471,Hogar,2026-01-05,5407.68,Pendiente
POL-000546,CLI-0046,Empresarial,2024-01-09,3440.9,Cancelada
POL-000547,CLI-0434,Salud,2024-10-28,530.78,Activa
POL-000548,CLI-0001,Empresarial,2025-01-02,781.4,Pendiente
POL-000549,CLI-0444,Auto,2024-08-28,2488.09,Cancelada
POL-000550,CLI-0321,Vida,2025-12-29,2228.78,Cancelada
POL-000551,CLI-0223,Empresarial,2024-08-04,3711.18,Cancelada
POL-000552,CLI-0072,Salud,2025-07-22,2238.35,Pendiente
POL-000553,CLI-0431,Hogar,2024-06-06,1728.9,Inactiva
POL-000554,CLI-0069,Auto,2024-03-14,3636.46,Inactiva
POL-000555,CLI-0370,Hogar,2025-11-04,2514.7,Inactiva
POL-000556,CLI-0044,Salud,2025-10-19,4471.49,Cancelada
POL-000557,CLI-0458,Empresarial,2025-03-11,3503.22,Cancelada
POL-000558,CLI-0261,Hogar,2025-07-19,4546.38,Cancelada
POL-000559,CLI-0182,Salud,2024-07-09,2451.29,Activa
POL-000560,CLI-0296,Hogar,2026-01-18,1454.77,Pendiente
POL-000561,CLI-0211,Empresarial,2025-08-13,2144.94,Activa
POL-000562,CLI-0291,Hogar,2025-12-22,2153.47,Cancelada
POL-000563,CLI-0493,Auto,2024-05-25,4069.98,Pendiente
POL-000564,CLI-0239,Empresarial,2024-03-21,2973.79,Activa
POL-000565,CLI-0126,Hogar,2025-10-07,4130.94,Activa
POL-000566,CLI-0351,Empresarial,2025-08-16,1856.25,Activa
POL-000567,CLI-0463,Vida,2025-07-01,4326.19,Cancelada
POL-000568,CLI-0233,Empresarial,2025-04-25,3242.02,Pendiente
POL-000569,CLI-0216,Vida,2024-10-28,1732.8,Activa
POL-000570,CLI-0356,Empresarial,2026-02-06,1811.58,Pendiente
POL-000571,CLI-0032,Hogar,2025-08-15,1096.12,Activa
POL-000572,CLI-0337,Vida,2026-01-25,3508.88,Pendiente
POL-000573,CLI-0249,Auto,2024-05-09,2879.66,Pendiente
POL-000574,CLI-0130,Salud,2025-09-22,1689.15,Pendiente
POL-000575,CLI-0008,Auto,2025-09-10,1125.45,Inactiva
POL-000576,CLI-0338,Hogar,2025-01-13,4481.56,Pendiente
POL-000577,CLI-0401,Salud,2025-05-11,1158.29,Activa
POL-000578,CLI-0176,Auto,2024-05-28,3356.38,Inactiva
POL-000579,CLI-0429,Hogar,2026-02-09,5466.0,Cancelada
POL-000580,CLI-0122,Hogar,2026-01-13,3579.15,Inactiva
POL-000581,CLI-0296,Vida,2024-02-25,3603.98,Activa
POL-000582,CLI-0027,Salud,2025-04-20,2313.35,Pendiente
POL-000583,CLI-0244,Empresarial,2024-08-27,2212.94,Cancelada
POL-000584,CLI-0243,Vida,2024-05-28,3011.34,Cancelada
POL-000585,CLI-0007,Vida,2025-04-04,2224.62,Pendiente
POL-000586,CLI-0493,Empresarial,2025-11-30,5266.11,Activa
POL-000587,CLI-0470,Empresarial,2025-10-14,2075.29,Cancelada
POL-000588,CLI-0313,Vida,2024-12-09,1632.73,Activa
POL-000589,CLI-0131,Empresarial,2025-02-04,2643.88,Inactiva
POL-000590,CLI-0376,Empresarial,2026-02-27,1233.11,Pendiente
POL-000591,CLI-0347,Salud,2024-11-16,3102.35,Activa
POL-000592,CLI-0426,Auto,2024-01-13,2379.62,Activa
POL-000593,CLI-0351,Hogar,2024-12-25,1362.91,Pendiente
POL-000594,CLI-0129,Salud,2024-02-04,325.61,Activa
POL-000595,CLI-0030,Empresarial,2025-11-03,4938.02,Inactiva
POL-000596,CLI-0487,Empresarial,2025-10-15,845.49,Activa
POL-000597,CLI-0045,Empresarial,2024-05-13,2192.58,Inactiva
POL-000598,CLI-0459,Auto,2025-12-13,1176.59,Pendiente
POL-000599,CLI-0240,Auto,2025-10-16,2603.25,Pendiente
POL-000600,CLI-0394,Hogar,2025-12-09,4987.97,Pendiente
POL-000601,CLI-0132,Salud,2026-03-10,592.18,Activa
POL-000602,CLI-0196,Hogar,2024-12-06,5478.58,Pendiente
POL-000603,CLI-0490,Vida,2024-07-01,2535.05,Cancelada
POL-000604,CLI-0476,Salud,2025-09-16,2280.96,Cancelada
POL-000605,CLI-0056,Salud,2025-07-07,4274.15,Inactiva
POL-000606,CLI-0315,Auto,2025-03-28,3991.62,Activa
POL-000607,CLI-0018,Auto,2024-03-13,3228.13,Pendiente
POL-000608,CLI-0398,Hogar,2024-01-20,4951.52,Inactiva
POL-000609,CLI-0335,Auto,2024-02-08,3722.41,Pendiente
POL-000610,CLI-0078,Vida,2025-02-04,3245.59,Cancelada
POL-000611,CLI-0245,Hogar,2025-02-17,4673.46,Activa
POL-000612,CLI-0277,Salud,2024-01-04,2237.45,Cancelada
POL-000613,CLI-0063,Empresarial,2025-07-02,5155.72,Pendiente
POL-000614,CLI-0171,Vida,2025-02-14,492.53,Activa
POL-000615,CLI-0188,Empresarial,2024-12-14,626.42,Cancelada
POL-000616,CLI-0390,Vida,2025-10-25,1276.54,Activa
POL-000617,CLI-0496,Hogar,2025-11-07,1212.32,Cancelada
POL-000618,CLI-0459,Auto,2025-10-07,3850.87,Cancelada
POL-000619,CLI-0044,Hogar,2026-01-22,1204.16,Activa
POL-000620,CLI-0099,Auto,2026-01-07,5480.83,Inactiva
POL-000621,CLI-0251,Hogar,2024-03-05,4401.52,Pendiente
POL-000622,CLI-0256,Empresarial,2025-04-05,5322.84,Activa
POL-000623,CLI-0019,Vida,2024-02-27,1989.91,Activa
POL-000624,CLI-0208,Auto,2024-08-04,4477.65,Cancelada
POL-000625,CLI-0482,Empresarial,2024-06-01,4127.57,Inactiva
POL-000626,CLI-0474,Auto,2024-02-07,4097.94,Cancelada
POL-000627,CLI-0335,Auto,2025-04-27,5008.05,Activa
POL-000628,CLI-0125,Salud,2024-01-15,1112.92,Activa
POL-000629,CLI-0464,Vida,2024-04-09,2617.78,Inactiva
POL-000630,CLI-0428,Empresarial,2024-03-06,4534.34,Activa
POL-000631,CLI-0059,Hogar,2025-09-01,4435.63,Inactiva
POL-000632,CLI-0033,Salud,2025-03-12,1987.92,Cancelada
POL-000633,CLI-0167,Auto,2025-12-01,3252.63,Inactiva
POL-000634,CLI-0165,Salud,2026-02-21,441.61,Inactiva
POL-000635,CLI-0172,Auto,2024-05-03,1651.63,Cancelada
POL-000636,CLI-0087,Vida,2025-07-20,1074.53,Inactiva
POL-000637,CLI-0474,Empresarial,2024-02-11,906.87,Cancelada
POL-000638,CLI-0399,Salud,2024-01-17,4862.02,Activa
POL-000639,CLI-0004,Auto,2024-07-02,5108.53,Pendiente
POL-000640,CLI-0214,Hogar,2025-12-09,872.53,Inactiva
POL-000641,CLI-0328,Vida,2025-06-19,2587.22,Inactiva
POL-000642,CLI-0481,Salud,2025-09-17,3865.87,Inactiva
POL-000643,CLI-0368,Hogar,2025-09-18,5236.58,Pendiente
POL-000644,CLI-0179,Hogar,2024-01-05,3155.87,Inactiva
POL-000645,CLI-0061,Empresarial,2024-04-07,3480.28,Inactiva
POL-000646,CLI-0238,Salud,2024-10-10,481.27,Activa
POL-000647,CLI-0408,Salud,2025-12-02,4672.04,Cancelada
POL-000648,CLI-0255,Salud,2024-06-12,3751.76,Activa
POL-000649,CLI-0028,Vida,2024-10-18,1310.83,Pendiente
POL-000650,CLI-0172,Empresarial,2026-02-15,2601.68,Activa
POL-000651,CLI-0380,Auto,2025-07-04,1132.2,Activa
POL-000652,CLI-0249,Empresarial,2024-04-28,575.56,Inactiva
POL-000653,CLI-0370,Hogar,2025-08-29,3272.74,Cancelada
POL-000654,CLI-0102,Vida,2024-08-23,4328.57,Pendiente
POL-000655,CLI-0117,Auto,2024-08-30,4110.06,Inactiva
POL-000656,CLI-0193,Salud,2024-03-16,2696.25,Cancelada
POL-000657,CLI-0028,Hogar,2024-05-28,1345.68,Cancelada
POL-000658,CLI-0092,Hogar,2025-01-17,922.94,Inactiva
POL-000659,CLI-0324,Vida,2024-10-03,1271.72,Inactiva
POL-000660,CLI-0017,Empresarial,2024-03-02,1687.2,Activa
POL-000661,CLI-0437,Hogar,2025-04-14,2416.59,Pendiente
POL-000662,CLI-0113,Vida,2025-09-10,1030.98,Inactiva
POL-000663,CLI-0296,Empresarial,2024-08-23,658.31,Cancelada
POL-000664,CLI-0442,Salud,2025-08-28,2709.49,Cancelada
POL-000665,CLI-0143,Auto,2026-01-17,2468.98,Inactiva
POL-000666,CLI-0127,Vida,2025-03-20,3271.18,Inactiva
POL-000667,CLI-0468,Empresarial,2024-01-06,2414.19,Activa
POL-000668,CLI-0021,Hogar,2026-01-21,4273.61,Activa
POL-000669,CLI-0218,Empresarial,2025-02-07,2740.13,Activa
POL-000670,CLI-0232,Hogar,2024-09-03,640.39,Activa
POL-000671,CLI-0355,Hogar,2024-08-11,903.37,Pendiente
POL-000672,CLI-0123,Auto,2024-01-17,2742.85,Pendiente
POL-000673,CLI-0083,Hogar,2025-08-07,4160.62,Activa
POL-000674,CLI-0500,Hogar,2025-04-19,4290.73,Cancelada
POL-000675,CLI-0095,Vida,2025-10-03,2660.77,Activa
POL-000676,CLI-0441,Auto,2025-01-29,4935.2,Pendiente
POL-000677,CLI-0272,Auto,2024-10-30,2457.28,Pendiente
POL-000678,CLI-0358,Empresarial,2025-07-09,3248.72,Inactiva
POL-000679,CLI-0404,Auto,2025-09-27,4868.49,Activa
POL-000680,CLI-0264,Vida,2024-02-22,788.12,Pendiente
POL-000681,CLI-0239,Empresarial,2024-02-11,2137.53,Inactiva
POL-000682,CLI-0332,Empresarial,2025-12-22,555.13,Inactiva
POL-000683,CLI-0071,Vida,2024-09-01,3060.06,Cancelada
POL-000684,CLI-0378,Empresarial,2025-12-20,1311.91,Inactiva
POL-000685,CLI-0165,Vida,2024-09-30,2868.9,Cancelada
POL-000686,CLI-0142,Auto,2024-03-05,2175.91,Cancelada
POL-000687,CLI-0249,Empresarial,2025-06-23,4596.67,Cancelada
POL-000688,CLI-0364,Empresarial,2025-11-25,4574.51,Pendiente
POL-000689,CLI-0232,Empresarial,2025-01-11,4439.49,Activa
POL-000690,CLI-0097,Hogar,2024-03-30,624.9,Inactiva
POL-000691,CLI-0148,Auto,2024-04-21,1073.26,Activa
POL-000692,CLI-0357,Salud,2025-05-23,997.64,Inactiva
POL-000693,CLI-0267,Auto,2024-10-27,2407.64,Inactiva
POL-000694,CLI-0243,Vida,2025-03-06,2552.46,Activa
POL-000695,CLI-0150,Salud,2024-03-05,316.79,Inactiva
POL-000696,CLI-0428,Empresarial,2025-10-22,1980.15,Pendiente
POL-000697,CLI-0336,Vida,2025-05-12,3344.79,Cancelada
POL-000698,CLI-0235,Vida,2025-08-03,899.36,Pendiente
POL-000699,CLI-0088,Vida,2024-08-20,2766.49,Pendiente
POL-000700,CLI-0395,Auto,2024-05-31,2071.54,Cancelada
POL-000701,CLI-0490,Salud,2025-09-25,5097.9,Pendiente
POL-000702,CLI-0094,Salud,2025-12-26,3872.15,Inactiva
POL-000703,CLI-0083,Salud,2024-04-29,418.1,Pendiente
POL-000704,CLI-0295,Salud,2025-03-27,1580.16,Inactiva
POL-000705,CLI-0106,Empresarial,2025-12-25,383.85,Pendiente
POL-000706,CLI-0177,Salud,2025-01-16,2576.67,Inactiva
POL-000707,CLI-0274,Vida,2024-05-04,5078.3,Cancelada
POL-000708,CLI-0477,Hogar,2026-02-25,970.53,Cancelada
POL-000709,CLI-0476,Vida,2024-06-08,222.76,Pendiente
POL-000710,CLI-0332,Vida,2025-04-30,4948.68,Inactiva
POL-000711,CLI-0410,Empresarial,2026-01-16,5006.47,Cancelada
POL-000712,CLI-0174,Auto,2026-01-19,2738.6,Activa
POL-000713,CLI-0072,Empresarial,2024-04-29,1832.84,Cancelada
POL-000714,CLI-0317,Salud,2025-04-01,2094.19,Pendiente
POL-000715,CLI-0029,Empresarial,2025-10-18,1234.29,Inactiva
POL-000716,CLI-0401,Vida,2024-07-19,319.51,Cancelada
POL-000717,CLI-0347,Auto,2025-06-08,2290.45,Cancelada
POL-000718,CLI-0163,Empresarial,2025-09-11,2911.25,Activa
POL-000719,CLI-0466,Vida,2025-02-11,984.11,Cancelada
POL-000720,CLI-0190,Hogar,2025-01-16,264.61,Pendiente
POL-000721,CLI-0180,Vida,2025-04-01,4833.8,Activa
POL-000722,CLI-0111,Hogar,2026-01-29,5460.76,Cancelada
POL-000723,CLI-0148,Salud,2026-01-15,5342.91,Cancelada
POL-000724,CLI-0374,Hogar,2024-05-22,4628.21,Activa
POL-000725,CLI-0074,Salud,2024-11-06,2715.45,Pendiente
POL-000726,CLI-0034,Empresarial,2026-02-13,2191.59,Activa
POL-000727,CLI-0210,Vida,2025-02-28,1126.93,Cancelada
POL-000728,CLI-0364,Empresarial,2026-02-12,5048.82,Inactiva
POL-000729,CLI-0096,Hogar,2024-10-23,3135.49,Activa
POL-000730,CLI-0422,Vida,2025-08-22,1810.75,Cancelada
POL-000731,CLI-0115,Auto,2024-01-03,1016.33,Pendiente
POL-000732,CLI-0490,Hogar,2024-05-07,3665.21,Pendiente
POL-000733,CLI-0214,Salud,2025-05-18,5006.0,Inactiva
POL-000734,CLI-0015,Auto,2026-02-22,1669.25,Activa
POL-000735,CLI-0307,Vida,2025-08-18,2746.58,Cancelada
POL-000736,CLI-0445,Vida,2025-10-05,3835.34,Activa
POL-000737,CLI-0192,Empresarial,2026-01-20,3248.9,Pendiente
POL-000738,CLI-0084,Empresarial,2024-02-29,974.53,Cancelada
POL-000739,CLI-0450,Salud,2024-12-31,1065.54,Pendiente
POL-000740,CLI-0185,Hogar,2025-10-13,5034.15,Pendiente
POL-000741,CLI-0025,Vida,2024-10-25,3006.95,Activa
POL-000742,CLI-0264,Salud,2026-02-23,3528.56,Activa
POL-000743,CLI-0307,Salud,2025-07-10,1909.82,Pendiente
POL-000744,CLI-0424,Vida,2024-10-04,3832.85,Pendiente
POL-000745,CLI-0050,Empresarial,2025-08-16,2063.64,Inactiva
POL-000746,CLI-0007,Salud,2025-06-14,1691.51,Cancelada
POL-000747,CLI-0211,Vida,2024-06-15,742.81,Inactiva
POL-000748,CLI-0258,Salud,2024-07-11,4414.07,Activa
POL-000749,CLI-0214,Hogar,2024-03-19,817.8,Inactiva
POL-000750,CLI-0473,Auto,2025-05-06,2045.51,Pendiente
POL-000751,CLI-0072,Hogar,2025-09-03,2972.54,Pendiente
POL-000752,CLI-0089,Vida,2024-01-30,4145.64,Activa
POL-000753,CLI-0114,Salud,2025-12-11,954.5,Inactiva
POL-000754,CLI-0158,Salud,2024-08-02,890.16,Activa
POL-000755,CLI-0218,Auto,2024-03-20,299.67,Cancelada
POL-000756,CLI-0388,Hogar,2024-02-13,1240.66,Activa
POL-000757,CLI-0407,Empresarial,2025-08-30,514.11,Activa
POL-000758,CLI-0466,Vida,2024-02-14,551.11,Activa
POL-000759,CLI-0387,Auto,2024-05-06,5076.52,Inactiva
POL-000760,CLI-0301,Salud,2024-07-08,3754.18,Activa
POL-000761,CLI-0047,Salud,2026-02-03,5191.78,Pendiente
POL-000762,CLI-0181,Salud,2025-05-27,4338.25,Inactiva
POL-000763,CLI-0259,Empresarial,2024-03-10,725.26,Activa
POL-000764,CLI-0271,Salud,2026-01-02,1215.2,Pendiente
POL-000765,CLI-0088,Empresarial,2024-01-05,5359.97,Activa
POL-000766,CLI-0474,Salud,2025-05-31,4711.87,Cancelada
POL-000767,CLI-0188,Empresarial,2024-07-08,2530.23,Activa
POL-000768,CLI-0093,Vida,2025-01-23,2447.69,Inactiva
POL-000769,CLI-0209,Auto,2026-02-18,5418.45,Activa
POL-000770,CLI-0239,Auto,2025-06-16,920.34,Pendiente
POL-000771,CLI-0361,Vida,2025-07-24,4027.32,Activa
POL-000772,CLI-0168,Hogar,2024-04-28,2239.34,Cancelada
POL-000773,CLI-0308,Vida,2025-12-04,5373.75,Cancelada
POL-000774,CLI-0116,Empresarial,2025-02-21,1740.12,Cancelada
POL-000775,CLI-0097,Auto,2025-05-02,5177.13,Pendiente
POL-000776,CLI-0092,Auto,2025-11-21,2805.74,Activa
POL-000777,CLI-0203,Hogar,2025-06-19,3690.31,Activa
POL-000778,CLI-0062,Salud,2025-02-08,2323.31,Activa
POL-000779,CLI-0380,Salud,2024-03-07,2127.66,Inactiva
POL-000780,CLI-0174,Salud,2025-09-01,4673.36,Cancelada
POL-000781,CLI-0063,Salud,2025-03-10,4043.56,Pendiente
POL-000782,CLI-0392,Empresarial,2025-08-30,1646.76,Cancelada
POL-000783,CLI-0183,Hogar,2025-11-13,3396.78,Cancelada
POL-000784,CLI-0249,Empresarial,2024-10-12,981.08,Cancelada
POL-000785,CLI-0056,Auto,2024-09-13,2793.51,Inactiva
POL-000786,CLI-0322,Salud,2024-01-31,727.9,Activa
POL-000787,CLI-0426,Auto,2025-05-25,3793.97,Inactiva
POL-000788,CLI-0196,Empresarial,2025-11-26,1932.87,Pendiente
POL-000789,CLI-0319,Empresarial,2024-04-08,4228.91,Cancelada
POL-000790,CLI-0406,Hogar,2024-07-25,1755.88,Cancelada
POL-000791,CLI-0252,Empresarial,2024-09-24,3074.92,Activa
POL-000792,CLI-0488,Auto,2025-03-16,4864.67,Activa
POL-000793,CLI-0197,Hogar,2024-11-18,4720.23,Cancelada
POL-000794,CLI-0236,Auto,2024-02-03,1137.41,Pendiente
POL-000795,CLI-0453,Salud,2025-05-18,2482.61,Pendiente
POL-000796,CLI-0367,Hogar,2025-05-14,4249.26,Cancelada
POL-000797,CLI-0338,Empresarial,2025-12-02,3058.78,Cancelada
POL-000798,CLI-0244,Empresarial,2024-06-09,2885.43,Cancelada
POL-000799,CLI-0135,Hogar,2025-08-28,5345.62,Pendiente
POL-000800,CLI-0393,Vida,2024-11-24,525.55,Activa
POL-000801,CLI-0066,Vida,2024-12-23,4490.63,Activa
POL-000802,CLI-0392,Vida,2025-01-24,715.96,Pendiente
POL-000803,CLI-0183,Hogar,2024-12-25,499.18,Inactiva
POL-000804,CLI-0127,Salud,2025-10-25,1854.13,Activa
POL-000805,CLI-0467,Auto,2024-11-08,806.7,Inactiva
POL-000806,CLI-0011,Empresarial,2024-11-29,398.1,Cancelada
POL-000807,CLI-0291,Empresarial,2025-03-07,1613.08,Cancelada
POL-000808,CLI-0302,Auto,2024-11-20,2202.01,Cancelada
POL-000809,CLI-0166,Empresarial,2024-04-10,4484.13,Activa
POL-000810,CLI-0354,Salud,2024-12-10,2832.68,Pendiente
POL-000811,CLI-0086,Empresarial,2024-11-02,2125.67,Cancelada
POL-000812,CLI-0104,Hogar,2025-10-12,4690.87,Activa
POL-000813,CLI-0431,Empresarial,2024-08-07,1722.98,Activa
POL-000814,CLI-0153,Empresarial,2025-02-15,4464.4,Activa
POL-000815,CLI-0368,Empresarial,2024-04-07,3336.88,Pendiente
POL-000816,CLI-0035,Empresarial,2025-06-27,2718.92,Inactiva
POL-000817,CLI-0178,Auto,2025-10-29,4565.82,Pendiente
POL-000818,CLI-0222,Empresarial,2024-11-16,1260.41,Cancelada
POL-000819,CLI-0129,Empresarial,2025-06-11,2602.11,Inactiva
POL-000820,CLI-0452,Auto,2025-10-04,3927.66,Inactiva
POL-000821,CLI-0296,Hogar,2024-08-06,3702.27,Cancelada
POL-000822,CLI-0138,Empresarial,2025-09-21,4719.71,Cancelada
POL-000823,CLI-0479,Empresarial,2026-01-14,3521.82,Inactiva
POL-000824,CLI-0187,Hogar,2024-05-31,1473.98,Pendiente
POL-000825,CLI-0433,Hogar,2025-02-24,1888.86,Activa
POL-000826,CLI-0325,Salud,2025-02-26,1614.75,Pendiente
POL-000827,CLI-0331,Salud,2024-09-19,3840.33,Inactiva
POL-000828,CLI-0208,Salud,2024-04-26,994.8,Activa
POL-000829,CLI-0126,Vida,2025-04-20,2772.53,Cancelada
POL-000830,CLI-0217,Auto,2024-07-25,1044.6,Inactiva
POL-000831,CLI-0015,Vida,2024-10-11,3690.95,Inactiva
POL-000832,CLI-0330,Auto,2026-01-09,2774.96,Activa
POL-000833,CLI-0029,Auto,2024-11-17,3388.48,Activa
POL-000834,CLI-0462,Hogar,2025-01-07,3759.86,Activa
POL-000835,CLI-0204,Salud,2024-08-29,793.24,Activa
POL-000836,CLI-0268,Empresarial,2026-03-04,5137.24,Pendiente
POL-000837,CLI-0255,Auto,2024-08-31,3379.05,Pendiente
POL-000838,CLI-0169,Empresarial,2026-01-24,2266.74,Inactiva
POL-000839,CLI-0479,Hogar,2024-08-11,964.67,Inactiva
POL-000840,CLI-0110,Vida,2025-03-26,2364.39,Activa
POL-000841,CLI-0252,Empresarial,2025-01-18,3907.97,Activa
POL-000842,CLI-0163,Empresarial,2025-03-09,2716.73,Inactiva
POL-000843,CLI-0494,Vida,2024-05-28,2123.89,Pendiente
POL-000844,CLI-0421,Vida,2024-01-22,3620.61,Activa
POL-000845,CLI-0431,Auto,2025-12-08,5062.52,Inactiva
POL-000846,CLI-0130,Empresarial,2025-01-28,1839.12,Pendiente
POL-000847,CLI-0463,Auto,2025-07-01,4794.85,Cancelada
POL-000848,CLI-0199,Auto,2025-02-06,5115.79,Pendiente
POL-000849,CLI-0155,Auto,2026-02-13,1447.94,Inactiva
POL-000850,CLI-0441,Salud,2025-03-25,3546.17,Cancelada
POL-000851,CLI-0405,Auto,2024-10-07,4792.16,Cancelada
POL-000852,CLI-0242,Hogar,2024-12-06,4002.15,Activa
POL-000853,CLI-0423,Salud,2025-12-16,1583.14,Activa
POL-000854,CLI-0181,Hogar,2025-09-08,4064.93,Pendiente
POL-000855,CLI-0233,Auto,2026-02-19,476.12,Inactiva
POL-000856,CLI-0323,Hogar,2025-10-18,921.29,Cancelada
POL-000857,CLI-0103,Vida,2024-11-17,3251.79,Activa
POL-000858,CLI-0081,Salud,2025-06-12,3981.89,Inactiva
POL-000859,CLI-0434,Empresarial,2025-12-03,2374.68,Pendiente
POL-000860,CLI-0232,Hogar,2026-01-22,907.6,Inactiva
POL-000861,CLI-0352,Empresarial,2024-12-01,4437.5,Inactiva
POL-000862,CLI-0044,Hogar,2025-01-11,1164.01,Cancelada
POL-000863,CLI-0484,Empresarial,2024-08-17,309.89,Activa
POL-000864,CLI-0473,Empresarial,2025-10-24,3443.62,Inactiva
POL-000865,CLI-0465,Auto,2025-04-18,1250.81,Inactiva
POL-000866,CLI-0026,Hogar,2025-09-24,2473.19,Pendiente
POL-000867,CLI-0077,Auto,2025-01-11,1101.65,Activa
POL-000868,CLI-0008,Empresarial,2025-03-21,4298.8,Cancelada
POL-000869,CLI-0424,Hogar,2024-05-01,1389.76,Inactiva
POL-000870,CLI-0098,Vida,2024-10-21,4156.15,Cancelada
POL-000871,CLI-0067,Hogar,2024-07-30,3380.44,Pendiente
POL-000872,CLI-0373,Salud,2025-03-04,1155.96,Inactiva
POL-000873,CLI-0015,Vida,2024-09-25,1448.07,Cancelada
POL-000874,CLI-0465,Salud,2025-01-13,3289.39,Cancelada
POL-000875,CLI-0044,Auto,2025-04-25,905.99,Pendiente
POL-000876,CLI-0499,Hogar,2025-12-04,1324.75,Cancelada
POL-000877,CLI-0363,Hogar,2026-01-23,3365.14,Activa
POL-000878,CLI-0049,Empresarial,2024-03-01,476.2,Inactiva
POL-000879,CLI-0242,Vida,2025-09-12,5178.41,Activa
POL-000880,CLI-0003,Vida,2025-05-31,3484.19,Pendiente
POL-000881,CLI-0203,Vida,2024-05-15,5330.71,Activa
POL-000882,CLI-0298,Salud,2024-09-23,1100.29,Cancelada
POL-000883,CLI-0477,Vida,2025-04-24,899.17,Pendiente
POL-000884,CLI-0364,Empresarial,2025-03-19,951.52,Activa
POL-000885,CLI-0161,Auto,2024-05-10,2845.82,Pendiente
POL-000886,CLI-0383,Vida,2025-03-16,1699.51,Pendiente
POL-000887,CLI-0314,Vida,2025-06-13,1858.95,Inactiva
POL-000888,CLI-0162,Hogar,2026-02-21,5235.27,Cancelada
POL-000889,CLI-0028,Salud,2024-06-01,489.21,Inactiva
POL-000890,CLI-0019,Hogar,2024-09-23,1066.84,Cancelada
POL-000891,CLI-0224,Auto,2025-05-21,416.2,Pendiente
POL-000892,CLI-0364,Empresarial,2025-05-11,2626.13,Activa
POL-000893,CLI-0434,Salud,2024-05-06,2052.9,Inactiva
POL-000894,CLI-0445,Vida,2024-07-03,4625.25,Pendiente
POL-000895,CLI-0289,Empresarial,2024-08-05,3292.8,Activa
POL-000896,CLI-0270,Empresarial,2024-07-03,2407.02,Activa
POL-000897,CLI-0127,Hogar,2025-11-24,699.82,Pendiente
POL-000898,CLI-0014,Vida,2025-11-28,5401.07,Activa
POL-000899,CLI-0202,Vida,2025-08-27,5124.49,Activa
POL-000900,CLI-0429,Vida,2024-06-06,353.03,Cancelada
POL-000901,CLI-0426,Hogar,2025-04-09,3530.29,Pendiente
POL-000902,CLI-0305,Auto,2024-12-03,5339.78,Cancelada
POL-000903,CLI-0167,Empresarial,2024-05-12,1320.24,Activa
POL-000904,CLI-0411,Vida,2024-11-26,4430.18,Activa
POL-000905,CLI-0281,Empresarial,2025-01-25,690.52,Pendiente
POL-000906,CLI-0092,Salud,2026-02-28,4787.23,Activa
POL-000907,CLI-0011,Salud,2024-06-15,2259.07,Cancelada
POL-000908,CLI-0146,Salud,2024-05-03,1782.3,Cancelada
POL-000909,CLI-0377,Vida,2025-12-02,3398.62,Pendiente
POL-000910,CLI-0341,Auto,2025-01-11,2917.06,Cancelada
POL-000911,CLI-0229,Hogar,2025-05-02,1622.94,Cancelada
POL-000912,CLI-0047,Hogar,2025-01-12,3453.5,Cancelada
POL-000913,CLI-0323,Hogar,2024-04-05,414.32,Pendiente
POL-000914,CLI-0499,Hogar,2025-11-23,1388.42,Inactiva
POL-000915,CLI-0477,Hogar,2025-06-23,3536.67,Activa
POL-000916,CLI-0149,Hogar,2025-03-23,619.67,Cancelada
POL-000917,CLI-0154,Salud,2024-05-10,3826.86,Pendiente
POL-000918,CLI-0431,Salud,2025-06-19,2466.98,Activa
POL-000919,CLI-0283,Auto,2024-02-16,2921.1,Cancelada
POL-000920,CLI-0212,Auto,2025-04-20,3702.53,Pendiente
POL-000921,CLI-0182,Vida,2025-08-22,633.38,Activa
POL-000922,CLI-0059,Hogar,2024-07-02,4366.74,Cancelada
POL-000923,CLI-0024,Auto,2025-03-02,4846.8,Pendiente
POL-000924,CLI-0161,Empresarial,2026-01-11,2611.49,Cancelada
POL-000925,CLI-0320,Vida,2024-12-15,5323.61,Inactiva
POL-000926,CLI-0109,Salud,2024-03-21,4159.26,Pendiente
POL-000927,CLI-0447,Auto,2025-03-20,3032.19,Activa
POL-000928,CLI-0203,Auto,2024-01-14,1110.2,Cancelada
POL-000929,CLI-0236,Hogar,2025-11-04,5318.76,Cancelada
POL-000930,CLI-0156,Empresarial,2025-09-23,2111.86,Cancelada
POL-000931,CLI-0412,Vida,2024-03-30,862.97,Activa
POL-000932,CLI-0098,Auto,2024-01-17,3888.97,Inactiva
POL-000933,CLI-0440,Auto,2024-08-02,2749.92,Inactiva
POL-000934,CLI-0333,Salud,2025-03-22,4663.08,Inactiva
POL-000935,CLI-0045,Vida,2026-02-27,2656.16,Cancelada
POL-000936,CLI-0217,Auto,2024-04-29,1080.36,Inactiva
POL-000937,CLI-0379,Hogar,2025-05-11,2698.89,Cancelada
POL-000938,CLI-0300,Salud,2024-07-25,1762.61,Cancelada
POL-000939,CLI-0027,Vida,2024-01-09,744.12,Cancelada
POL-000940,CLI-0213,Hogar,2026-01-24,3266.9,Pendiente
POL-000941,CLI-0019,Hogar,2025-02-13,2776.34,Cancelada
POL-000942,CLI-0119,Auto,2025-06-24,300.8,Pendiente
POL-000943,CLI-0284,Auto,2024-10-01,4932.25,Cancelada
POL-000944,CLI-0456,Hogar,2024-04-29,2822.38,Pendiente
POL-000945,CLI-0230,Hogar,2024-01-22,1055.07,Inactiva
POL-000946,CLI-0241,Vida,2025-03-24,1430.15,Inactiva
POL-000947,CLI-0301,Vida,2025-09-08,4723.31,Cancelada
POL-000948,CLI-0068,Vida,2026-01-10,3970.34,Cancelada
POL-000949,CLI-0427,Vida,2025-04-28,4438.7,Inactiva
POL-000950,CLI-0319,Salud,2024-10-16,3860.7,Activa
POL-000951,CLI-0342,Hogar,2024-05-12,1118.44,Inactiva
POL-000952,CLI-0311,Hogar,2024-04-13,4405.46,Cancelada
POL-000953,CLI-0156,Salud,2024-08-02,3151.2,Activa
POL-000954,CLI-0184,Vida,2024-12-31,3787.72,Inactiva
POL-000955,CLI-0424,Empresarial,2024-02-02,4476.12,Pendiente
POL-000956,CLI-0221,Auto,2025-09-24,1401.46,Inactiva
POL-000957,CLI-0250,Vida,2024-12-14,4359.89,Activa
POL-000958,CLI-0395,Empresarial,2024-09-30,4950.48,Activa
POL-000959,CLI-0362,Auto,2025-03-24,4434.63,Activa
POL-000960,CLI-0500,Auto,2026-03-11,3436.03,Activa
POL-000961,CLI-0422,Empresarial,2024-02-12,2888.72,Inactiva
POL-000962,CLI-0323,Auto,2024-07-29,5028.22,Inactiva
POL-000963,CLI-0373,Vida,2025-12-26,2540.04,Cancelada
POL-000964,CLI-0376,Auto,2024-06-06,3629.59,Pendiente
POL-000965,CLI-0420,Salud,2024-05-05,4697.55,Cancelada
POL-000966,CLI-0497,Hogar,2026-02-26,4275.88,Inactiva
POL-000967,CLI-0428,Hogar,2024-12-15,1719.82,Inactiva
POL-000968,CLI-0044,Vida,2025-01-16,3990.56,Cancelada
POL-000969,CLI-0185,Salud,2024-06-04,4191.99,Cancelada
POL-000970,CLI-0404,Salud,2024-05-21,4449.37,Cancelada
POL-000971,CLI-0471,Hogar,2025-04-14,5244.75,Pendiente
POL-000972,CLI-0484,Auto,2025-03-29,971.6,Activa
POL-000973,CLI-0368,Empresarial,2024-03-12,649.32,Pendiente
POL-000974,CLI-0206,Salud,2025-03-20,525.78,Activa
POL-000975,CLI-0339,Salud,2025-08-11,506.39,Pendiente
POL-000976,CLI-0215,Hogar,2025-11-28,3914.19,Pendiente
POL-000977,CLI-0370,Vida,2024-12-18,241.88,Pendiente
POL-000978,CLI-0461,Empresarial,2025-09-17,5078.39,Cancelada
POL-000979,CLI-0229,Salud,2025-07-11,3509.11,Cancelada
POL-000980,CLI-0358,Vida,2026-03-11,3638.41,Inactiva
POL-000981,CLI-0452,Vida,2024-03-27,395.94,Pendiente
POL-000982,CLI-0200,Salud,2025-06-16,5457.2,Pendiente
POL-000983,CLI-0110,Auto,2025-06-07,3124.47,Pendiente
POL-000984,CLI-0388,Salud,2024-01-24,347.82,Pendiente
POL-000985,CLI-0124,Vida,2026-01-13,2440.55,Activa
POL-000986,CLI-0375,Auto,2025-01-16,1576.71,Pendiente
POL-000987,CLI-0064,Auto,2026-02-13,3650.1,Activa
POL-000988,CLI-0230,Vida,2025-08-09,4105.35,Cancelada
POL-000989,CLI-0174,Salud,2026-02-02,5441.7,Inactiva
POL-000990,CLI-0180,Vida,2024-10-18,3734.69,Inactiva
POL-000991,CLI-0366,Hogar,2025-06-16,4108.82,Activa
POL-000992,CLI-0168,Empresarial,2025-08-19,1220.54,Pendiente
POL-000993,CLI-0233,Auto,2024-05-30,3971.69,Cancelada
POL-000994,CLI-0042,Auto,2024-03-04,2451.9,Inactiva
POL-000995,CLI-0244,Salud,2025-04-01,613.79,Cancelada
POL-000996,CLI-0302,Empresarial,2025-06-15,4327.77,Pendiente
POL-000997,CLI-0300,Hogar,2025-10-13,2444.14,Cancelada
POL-000998,CLI-0353,Hogar,2026-01-19,5358.34,Inactiva
POL-000999,CLI-0074,Empresarial,2024-05-10,2769.25,Cancelada
POL-001000,CLI-0067,Empresarial,2025-06-25,825.71,Inactiva
